{
  "project_info": {
    "project_number": "554966697504",
    "firebase_url": "https://name-c8a91-default-rtdb.firebaseio.com",
    "project_id": "name-c8a91",
    "storage_bucket": "name-c8a91.appspot.com"
  },
  "client": [
    {
      "oauth_client": [],
      "api_key": [
        {
          "current_key": "AIzaSyDAJT-5QCyAj0G1hTvVOq5SjPFw9i1Xilk"
        }
      ],
      "services": {
        "appinvite_service": {
          "other_platform_oauth_client": []
        }
      }
    },
    {
      "client_info": {
        "mobilesdk_app_id": "1:554966697504:android:d3b7121867babc57e41e45",
        "android_client_info": {
          "package_name": "com.Ayoob.avian"
        }
      },
      "oauth_client": [],
      "api_key": [
        {
          "current_key": "AIzaSyDAJT-5QCyAj0G1hTvVOq5SjPFw9i1Xilk"
        }
      ],
      "services": {
        "appinvite_service": {
          "other_platform_oauth_client": []
        }
      }
    }
  ],
  "configuration_version": "1"
}